filepath_original,filepath_quarantine,split,class,reason
data/raw/train/normal/normal-5567.jpg,data/quarantine/flagged/train/normal/normal-5567.jpg,train,normal,Filtered: Abnormal Aspect Ratio (1.98)
data/raw/train/normal/normal-6059.jpg,data/quarantine/flagged/train/normal/normal-6059.jpg,train,normal,Filtered: Abnormal Aspect Ratio (2.03)
data/raw/train/normal/normal-6458.jpg,data/quarantine/flagged/train/normal/normal-6458.jpg,train,normal,Filtered: Abnormal Aspect Ratio (2.11)
data/raw/train/pneumonia/pneumonia-2727.jpg,data/quarantine/flagged/train/pneumonia/pneumonia-2727.jpg,train,pneumonia,Filtered: Abnormal Aspect Ratio (1.95)
data/raw/train/pneumonia/pneumonia-2905.jpg,data/quarantine/flagged/train/pneumonia/pneumonia-2905.jpg,train,pneumonia,Filtered: Abnormal Aspect Ratio (2.38)
data/raw/train/pneumonia/pneumonia-4342.jpg,data/quarantine/flagged/train/pneumonia/pneumonia-4342.jpg,train,pneumonia,Filtered: Abnormal Aspect Ratio (2.41)
data/raw/train/pneumonia/pneumonia-1480.jpg,data/quarantine/flagged/train/pneumonia/pneumonia-1480.jpg,train,pneumonia,Filtered: Abnormal Aspect Ratio (2.17)
data/raw/train/pneumonia/pneumonia-5005.jpg,data/quarantine/flagged/train/pneumonia/pneumonia-5005.jpg,train,pneumonia,Filtered: Abnormal Aspect Ratio (3.18)
data/raw/train/pneumonia/pneumonia-2732.jpg,data/quarantine/flagged/train/pneumonia/pneumonia-2732.jpg,train,pneumonia,Filtered: Abnormal Aspect Ratio (2.21)
data/raw/train/pneumonia/pneumonia-1123.jpg,data/quarantine/flagged/train/pneumonia/pneumonia-1123.jpg,train,pneumonia,Filtered: Abnormal Aspect Ratio (2.00)
data/raw/train/pneumonia/pneumonia-889.jpg,data/quarantine/flagged/train/pneumonia/pneumonia-889.jpg,train,pneumonia,Filtered: Abnormal Aspect Ratio (1.97)
data/raw/train/pneumonia/pneumonia-2150.jpg,data/quarantine/flagged/train/pneumonia/pneumonia-2150.jpg,train,pneumonia,Filtered: Abnormal Aspect Ratio (2.03)
data/raw/train/pneumonia/pneumonia-1909.jpg,data/quarantine/flagged/train/pneumonia/pneumonia-1909.jpg,train,pneumonia,Filtered: Abnormal Aspect Ratio (2.27)
data/raw/train/pneumonia/pneumonia-2982.jpg,data/quarantine/flagged/train/pneumonia/pneumonia-2982.jpg,train,pneumonia,Filtered: Abnormal Aspect Ratio (1.96)
data/raw/train/pneumonia/pneumonia-4448.jpg,data/quarantine/flagged/train/pneumonia/pneumonia-4448.jpg,train,pneumonia,Filtered: Abnormal Aspect Ratio (1.99)
data/raw/train/pneumonia/pneumonia-3749.jpg,data/quarantine/flagged/train/pneumonia/pneumonia-3749.jpg,train,pneumonia,Filtered: Abnormal Aspect Ratio (1.96)
data/raw/train/pneumonia/pneumonia-4113.jpg,data/quarantine/flagged/train/pneumonia/pneumonia-4113.jpg,train,pneumonia,Filtered: Abnormal Aspect Ratio (2.05)
data/raw/train/pneumonia/pneumonia-5115.jpg,data/quarantine/flagged/train/pneumonia/pneumonia-5115.jpg,train,pneumonia,Filtered: Abnormal Aspect Ratio (2.33)
data/raw/train/pneumonia/pneumonia-1907.jpg,data/quarantine/flagged/train/pneumonia/pneumonia-1907.jpg,train,pneumonia,Filtered: Abnormal Aspect Ratio (2.06)
data/raw/train/pneumonia/pneumonia-4038.jpg,data/quarantine/flagged/train/pneumonia/pneumonia-4038.jpg,train,pneumonia,Filtered: Abnormal Aspect Ratio (1.96)
data/raw/train/pneumonia/pneumonia-2586.jpg,data/quarantine/flagged/train/pneumonia/pneumonia-2586.jpg,train,pneumonia,Filtered: Abnormal Aspect Ratio (2.09)
data/raw/train/pneumonia/pneumonia-4964.jpg,data/quarantine/flagged/train/pneumonia/pneumonia-4964.jpg,train,pneumonia,Filtered: Abnormal Aspect Ratio (2.23)
data/raw/train/pneumonia/pneumonia-1137.jpg,data/quarantine/flagged/train/pneumonia/pneumonia-1137.jpg,train,pneumonia,Filtered: Abnormal Aspect Ratio (3.03)
data/raw/train/pneumonia/pneumonia-2957.jpg,data/quarantine/flagged/train/pneumonia/pneumonia-2957.jpg,train,pneumonia,Filtered: Abnormal Aspect Ratio (2.08)
data/raw/train/pneumonia/pneumonia-751.jpg,data/quarantine/flagged/train/pneumonia/pneumonia-751.jpg,train,pneumonia,Filtered: Abnormal Aspect Ratio (1.98)
data/raw/train/pneumonia/pneumonia-2969.jpg,data/quarantine/flagged/train/pneumonia/pneumonia-2969.jpg,train,pneumonia,Filtered: Abnormal Aspect Ratio (2.22)
data/raw/train/pneumonia/pneumonia-4915.jpg,data/quarantine/flagged/train/pneumonia/pneumonia-4915.jpg,train,pneumonia,Filtered: Abnormal Aspect Ratio (2.45)
data/raw/train/pneumonia/pneumonia-927.jpg,data/quarantine/flagged/train/pneumonia/pneumonia-927.jpg,train,pneumonia,Filtered: Abnormal Aspect Ratio (2.39)
data/raw/train/pneumonia/pneumonia-2562.jpg,data/quarantine/flagged/train/pneumonia/pneumonia-2562.jpg,train,pneumonia,Filtered: Abnormal Aspect Ratio (2.15)
data/raw/train/pneumonia/pneumonia-1886.jpg,data/quarantine/flagged/train/pneumonia/pneumonia-1886.jpg,train,pneumonia,Filtered: Abnormal Aspect Ratio (2.12)
data/raw/train/pneumonia/pneumonia-3546.jpg,data/quarantine/flagged/train/pneumonia/pneumonia-3546.jpg,train,pneumonia,Filtered: Abnormal Aspect Ratio (2.24)
data/raw/train/pneumonia/pneumonia-2238.jpg,data/quarantine/flagged/train/pneumonia/pneumonia-2238.jpg,train,pneumonia,Filtered: Abnormal Aspect Ratio (2.43)
data/raw/train/pneumonia/pneumonia-2394.jpg,data/quarantine/flagged/train/pneumonia/pneumonia-2394.jpg,train,pneumonia,Filtered: Abnormal Aspect Ratio (2.24)
data/raw/train/pneumonia/pneumonia-3557.jpg,data/quarantine/flagged/train/pneumonia/pneumonia-3557.jpg,train,pneumonia,Filtered: Abnormal Aspect Ratio (2.07)
data/raw/train/pneumonia/pneumonia-3007.jpg,data/quarantine/flagged/train/pneumonia/pneumonia-3007.jpg,train,pneumonia,Filtered: Abnormal Aspect Ratio (1.97)
data/raw/train/pneumonia/pneumonia-1441.jpg,data/quarantine/flagged/train/pneumonia/pneumonia-1441.jpg,train,pneumonia,Filtered: Abnormal Aspect Ratio (2.63)
data/raw/train/pneumonia/pneumonia-947.jpg,data/quarantine/flagged/train/pneumonia/pneumonia-947.jpg,train,pneumonia,Filtered: Abnormal Aspect Ratio (2.32)
data/raw/train/pneumonia/pneumonia-4101.jpg,data/quarantine/flagged/train/pneumonia/pneumonia-4101.jpg,train,pneumonia,Filtered: Abnormal Aspect Ratio (2.04)
data/raw/train/pneumonia/pneumonia-950.jpg,data/quarantine/flagged/train/pneumonia/pneumonia-950.jpg,train,pneumonia,Filtered: Abnormal Aspect Ratio (2.04)
data/raw/train/pneumonia/pneumonia-1923.jpg,data/quarantine/flagged/train/pneumonia/pneumonia-1923.jpg,train,pneumonia,Filtered: Abnormal Aspect Ratio (1.96)
data/raw/train/pneumonia/pneumonia-3416.jpg,data/quarantine/flagged/train/pneumonia/pneumonia-3416.jpg,train,pneumonia,Filtered: Abnormal Aspect Ratio (1.96)
data/raw/train/pneumonia/pneumonia-3032.jpg,data/quarantine/flagged/train/pneumonia/pneumonia-3032.jpg,train,pneumonia,Filtered: Abnormal Aspect Ratio (2.91)
data/raw/train/pneumonia/pneumonia-2316.jpg,data/quarantine/flagged/train/pneumonia/pneumonia-2316.jpg,train,pneumonia,Filtered: Abnormal Aspect Ratio (2.43)
data/raw/train/pneumonia/pneumonia-3966.jpg,data/quarantine/flagged/train/pneumonia/pneumonia-3966.jpg,train,pneumonia,Filtered: Abnormal Aspect Ratio (2.00)
data/raw/train/pneumonia/pneumonia-3872.jpg,data/quarantine/flagged/train/pneumonia/pneumonia-3872.jpg,train,pneumonia,Filtered: Abnormal Aspect Ratio (2.38)
data/raw/train/pneumonia/pneumonia-1422.jpg,data/quarantine/flagged/train/pneumonia/pneumonia-1422.jpg,train,pneumonia,Filtered: Abnormal Aspect Ratio (2.00)
data/raw/train/pneumonia/pneumonia-2493.jpg,data/quarantine/flagged/train/pneumonia/pneumonia-2493.jpg,train,pneumonia,Filtered: Abnormal Aspect Ratio (2.14)
data/raw/train/pneumonia/pneumonia-4077.jpg,data/quarantine/flagged/train/pneumonia/pneumonia-4077.jpg,train,pneumonia,Filtered: Abnormal Aspect Ratio (2.07)
data/raw/train/pneumonia/pneumonia-624.jpg,data/quarantine/flagged/train/pneumonia/pneumonia-624.jpg,train,pneumonia,Filtered: Abnormal Aspect Ratio (1.97)
data/raw/train/pneumonia/pneumonia-4054.jpg,data/quarantine/flagged/train/pneumonia/pneumonia-4054.jpg,train,pneumonia,Filtered: Abnormal Aspect Ratio (2.00)
data/raw/train/pneumonia/pneumonia-3645.jpg,data/quarantine/flagged/train/pneumonia/pneumonia-3645.jpg,train,pneumonia,Filtered: Abnormal Aspect Ratio (2.96)
data/raw/train/pneumonia/pneumonia-3349.jpg,data/quarantine/flagged/train/pneumonia/pneumonia-3349.jpg,train,pneumonia,Filtered: Abnormal Aspect Ratio (1.98)
data/raw/train/pneumonia/pneumonia-2087.jpg,data/quarantine/flagged/train/pneumonia/pneumonia-2087.jpg,train,pneumonia,Filtered: Abnormal Aspect Ratio (2.07)
data/raw/train/pneumonia/pneumonia-975.jpg,data/quarantine/flagged/train/pneumonia/pneumonia-975.jpg,train,pneumonia,Filtered: Abnormal Aspect Ratio (2.31)
data/raw/train/pneumonia/pneumonia-1470.jpg,data/quarantine/flagged/train/pneumonia/pneumonia-1470.jpg,train,pneumonia,Filtered: Abnormal Aspect Ratio (2.22)
data/raw/train/pneumonia/pneumonia-1638.jpg,data/quarantine/flagged/train/pneumonia/pneumonia-1638.jpg,train,pneumonia,Filtered: Abnormal Aspect Ratio (2.71)
data/raw/train/pneumonia/pneumonia-4453.jpg,data/quarantine/flagged/train/pneumonia/pneumonia-4453.jpg,train,pneumonia,Filtered: Abnormal Aspect Ratio (2.58)
data/raw/train/pneumonia/pneumonia-3325.jpg,data/quarantine/flagged/train/pneumonia/pneumonia-3325.jpg,train,pneumonia,Filtered: Abnormal Aspect Ratio (2.41)
data/raw/train/pneumonia/pneumonia-5224.jpg,data/quarantine/flagged/train/pneumonia/pneumonia-5224.jpg,train,pneumonia,Filtered: Abnormal Aspect Ratio (2.20)
data/raw/train/pneumonia/pneumonia-4092.jpg,data/quarantine/flagged/train/pneumonia/pneumonia-4092.jpg,train,pneumonia,Filtered: Abnormal Aspect Ratio (1.99)
data/raw/train/pneumonia/pneumonia-1920.jpg,data/quarantine/flagged/train/pneumonia/pneumonia-1920.jpg,train,pneumonia,Filtered: Abnormal Aspect Ratio (1.97)
data/raw/train/pneumonia/pneumonia-1935.jpg,data/quarantine/flagged/train/pneumonia/pneumonia-1935.jpg,train,pneumonia,Filtered: Abnormal Aspect Ratio (2.87)
data/raw/train/pneumonia/pneumonia-4433.jpg,data/quarantine/flagged/train/pneumonia/pneumonia-4433.jpg,train,pneumonia,Filtered: Abnormal Aspect Ratio (2.16)
data/raw/train/pneumonia/pneumonia-3259.jpg,data/quarantine/flagged/train/pneumonia/pneumonia-3259.jpg,train,pneumonia,Filtered: Abnormal Aspect Ratio (2.09)
data/raw/train/pneumonia/pneumonia-2608.jpg,data/quarantine/flagged/train/pneumonia/pneumonia-2608.jpg,train,pneumonia,Filtered: Abnormal Aspect Ratio (2.10)
data/raw/train/pneumonia/pneumonia-4956.jpg,data/quarantine/flagged/train/pneumonia/pneumonia-4956.jpg,train,pneumonia,Filtered: Abnormal Aspect Ratio (2.07)
data/raw/train/pneumonia/pneumonia-2780.jpg,data/quarantine/flagged/train/pneumonia/pneumonia-2780.jpg,train,pneumonia,Filtered: Abnormal Aspect Ratio (2.07)
data/raw/train/pneumonia/pneumonia-3903.jpg,data/quarantine/flagged/train/pneumonia/pneumonia-3903.jpg,train,pneumonia,Filtered: Abnormal Aspect Ratio (2.11)
data/raw/train/pneumonia/pneumonia-3074.jpg,data/quarantine/flagged/train/pneumonia/pneumonia-3074.jpg,train,pneumonia,Filtered: Abnormal Aspect Ratio (3.15)
data/raw/train/pneumonia/pneumonia-4268.jpg,data/quarantine/flagged/train/pneumonia/pneumonia-4268.jpg,train,pneumonia,Filtered: Abnormal Aspect Ratio (2.06)
data/raw/train/pneumonia/pneumonia-2627.jpg,data/quarantine/flagged/train/pneumonia/pneumonia-2627.jpg,train,pneumonia,Filtered: Abnormal Aspect Ratio (1.96)
data/raw/train/pneumonia/pneumonia-1220.jpg,data/quarantine/flagged/train/pneumonia/pneumonia-1220.jpg,train,pneumonia,Filtered: Abnormal Aspect Ratio (2.20)
data/raw/train/pneumonia/pneumonia-5000.jpg,data/quarantine/flagged/train/pneumonia/pneumonia-5000.jpg,train,pneumonia,Filtered: Abnormal Aspect Ratio (2.51)
data/raw/train/pneumonia/pneumonia-3717.jpg,data/quarantine/flagged/train/pneumonia/pneumonia-3717.jpg,train,pneumonia,Filtered: Abnormal Aspect Ratio (2.03)
data/raw/train/pneumonia/pneumonia-3894.jpg,data/quarantine/flagged/train/pneumonia/pneumonia-3894.jpg,train,pneumonia,Filtered: Abnormal Aspect Ratio (2.65)
data/raw/train/pneumonia/pneumonia-3692.jpg,data/quarantine/flagged/train/pneumonia/pneumonia-3692.jpg,train,pneumonia,Filtered: Abnormal Aspect Ratio (2.25)
data/raw/train/pneumonia/pneumonia-3551.jpg,data/quarantine/flagged/train/pneumonia/pneumonia-3551.jpg,train,pneumonia,Filtered: Abnormal Aspect Ratio (2.40)
data/raw/train/pneumonia/pneumonia-3505.jpg,data/quarantine/flagged/train/pneumonia/pneumonia-3505.jpg,train,pneumonia,Filtered: Abnormal Aspect Ratio (2.00)
data/raw/train/pneumonia/pneumonia-1618.jpg,data/quarantine/flagged/train/pneumonia/pneumonia-1618.jpg,train,pneumonia,Filtered: Abnormal Aspect Ratio (1.97)
data/raw/train/pneumonia/pneumonia-2795.jpg,data/quarantine/flagged/train/pneumonia/pneumonia-2795.jpg,train,pneumonia,Filtered: Abnormal Aspect Ratio (2.52)
data/raw/train/pneumonia/pneumonia-709.jpg,data/quarantine/flagged/train/pneumonia/pneumonia-709.jpg,train,pneumonia,Filtered: Abnormal Aspect Ratio (1.97)
data/raw/train/pneumonia/pneumonia-833.jpg,data/quarantine/flagged/train/pneumonia/pneumonia-833.jpg,train,pneumonia,Filtered: Abnormal Aspect Ratio (1.96)
data/raw/train/pneumonia/pneumonia-5105.jpg,data/quarantine/flagged/train/pneumonia/pneumonia-5105.jpg,train,pneumonia,Filtered: Abnormal Aspect Ratio (2.29)
data/raw/train/pneumonia/pneumonia-605.jpg,data/quarantine/flagged/train/pneumonia/pneumonia-605.jpg,train,pneumonia,Filtered: Abnormal Aspect Ratio (1.97)
data/raw/train/pneumonia/pneumonia-3852.jpg,data/quarantine/flagged/train/pneumonia/pneumonia-3852.jpg,train,pneumonia,Filtered: Abnormal Aspect Ratio (3.15)
data/raw/train/pneumonia/pneumonia-3884.jpg,data/quarantine/flagged/train/pneumonia/pneumonia-3884.jpg,train,pneumonia,Filtered: Abnormal Aspect Ratio (1.95)
data/raw/train/pneumonia/pneumonia-3296.jpg,data/quarantine/flagged/train/pneumonia/pneumonia-3296.jpg,train,pneumonia,Filtered: Abnormal Aspect Ratio (2.02)
data/raw/train/pneumonia/pneumonia-1127.jpg,data/quarantine/flagged/train/pneumonia/pneumonia-1127.jpg,train,pneumonia,Filtered: Abnormal Aspect Ratio (1.98)
data/raw/train/pneumonia/pneumonia-3383.jpg,data/quarantine/flagged/train/pneumonia/pneumonia-3383.jpg,train,pneumonia,Filtered: Abnormal Aspect Ratio (2.02)
data/raw/train/pneumonia/pneumonia-4428.jpg,data/quarantine/flagged/train/pneumonia/pneumonia-4428.jpg,train,pneumonia,Filtered: Abnormal Aspect Ratio (2.23)
data/raw/train/pneumonia/pneumonia-993.jpg,data/quarantine/flagged/train/pneumonia/pneumonia-993.jpg,train,pneumonia,Filtered: Abnormal Aspect Ratio (2.13)
data/raw/train/pneumonia/pneumonia-5061.jpg,data/quarantine/flagged/train/pneumonia/pneumonia-5061.jpg,train,pneumonia,Filtered: Abnormal Aspect Ratio (2.07)
data/raw/train/pneumonia/pneumonia-5187.jpg,data/quarantine/flagged/train/pneumonia/pneumonia-5187.jpg,train,pneumonia,Filtered: Abnormal Aspect Ratio (2.12)
data/raw/train/pneumonia/pneumonia-3518.jpg,data/quarantine/flagged/train/pneumonia/pneumonia-3518.jpg,train,pneumonia,Filtered: Abnormal Aspect Ratio (2.06)
data/raw/train/pneumonia/pneumonia-2693.jpg,data/quarantine/flagged/train/pneumonia/pneumonia-2693.jpg,train,pneumonia,Filtered: Abnormal Aspect Ratio (2.90)
data/raw/train/pneumonia/pneumonia-1434.jpg,data/quarantine/flagged/train/pneumonia/pneumonia-1434.jpg,train,pneumonia,Filtered: Abnormal Aspect Ratio (1.96)
data/raw/train/pneumonia/pneumonia-4648.jpg,data/quarantine/flagged/train/pneumonia/pneumonia-4648.jpg,train,pneumonia,Filtered: Abnormal Aspect Ratio (1.98)
data/raw/train/pneumonia/pneumonia-1673.jpg,data/quarantine/flagged/train/pneumonia/pneumonia-1673.jpg,train,pneumonia,Filtered: Abnormal Aspect Ratio (1.96)
data/raw/train/pneumonia/pneumonia-2674.jpg,data/quarantine/flagged/train/pneumonia/pneumonia-2674.jpg,train,pneumonia,Filtered: Abnormal Aspect Ratio (1.99)
data/raw/train/pneumonia/pneumonia-4142.jpg,data/quarantine/flagged/train/pneumonia/pneumonia-4142.jpg,train,pneumonia,Filtered: Abnormal Aspect Ratio (2.20)
data/raw/train/pneumonia/pneumonia-3676.jpg,data/quarantine/flagged/train/pneumonia/pneumonia-3676.jpg,train,pneumonia,Filtered: Abnormal Aspect Ratio (2.61)
data/raw/train/pneumonia/pneumonia-4141.jpg,data/quarantine/flagged/train/pneumonia/pneumonia-4141.jpg,train,pneumonia,Filtered: Abnormal Aspect Ratio (2.17)
data/raw/train/pneumonia/pneumonia-1136.jpg,data/quarantine/flagged/train/pneumonia/pneumonia-1136.jpg,train,pneumonia,Filtered: Abnormal Aspect Ratio (2.11)
data/raw/train/pneumonia/pneumonia-3297.jpg,data/quarantine/flagged/train/pneumonia/pneumonia-3297.jpg,train,pneumonia,Filtered: Abnormal Aspect Ratio (2.59)
data/raw/train/pneumonia/pneumonia-1396.jpg,data/quarantine/flagged/train/pneumonia/pneumonia-1396.jpg,train,pneumonia,Filtered: Abnormal Aspect Ratio (2.42)
data/raw/train/pneumonia/pneumonia-683.jpg,data/quarantine/flagged/train/pneumonia/pneumonia-683.jpg,train,pneumonia,Filtered: Abnormal Aspect Ratio (1.96)
data/raw/train/pneumonia/pneumonia-2823.jpg,data/quarantine/flagged/train/pneumonia/pneumonia-2823.jpg,train,pneumonia,Filtered: Abnormal Aspect Ratio (2.02)
data/raw/train/pneumonia/pneumonia-1810.jpg,data/quarantine/flagged/train/pneumonia/pneumonia-1810.jpg,train,pneumonia,Filtered: Abnormal Aspect Ratio (2.00)
data/raw/train/pneumonia/pneumonia-1182.jpg,data/quarantine/flagged/train/pneumonia/pneumonia-1182.jpg,train,pneumonia,Filtered: Abnormal Aspect Ratio (2.01)
data/raw/train/pneumonia/pneumonia-4862.jpg,data/quarantine/flagged/train/pneumonia/pneumonia-4862.jpg,train,pneumonia,Filtered: Abnormal Aspect Ratio (2.17)
data/raw/train/pneumonia/pneumonia-3720.jpg,data/quarantine/flagged/train/pneumonia/pneumonia-3720.jpg,train,pneumonia,Filtered: Abnormal Aspect Ratio (3.38)
data/raw/train/pneumonia/pneumonia-3599.jpg,data/quarantine/flagged/train/pneumonia/pneumonia-3599.jpg,train,pneumonia,Filtered: Abnormal Aspect Ratio (2.10)
data/raw/train/pneumonia/pneumonia-780.jpg,data/quarantine/flagged/train/pneumonia/pneumonia-780.jpg,train,pneumonia,Filtered: Abnormal Aspect Ratio (2.08)
data/raw/train/pneumonia/pneumonia-903.jpg,data/quarantine/flagged/train/pneumonia/pneumonia-903.jpg,train,pneumonia,Filtered: Abnormal Aspect Ratio (1.97)
data/raw/train/pneumonia/pneumonia-2455.jpg,data/quarantine/flagged/train/pneumonia/pneumonia-2455.jpg,train,pneumonia,Filtered: Abnormal Aspect Ratio (2.49)
data/raw/train/pneumonia/pneumonia-2281.jpg,data/quarantine/flagged/train/pneumonia/pneumonia-2281.jpg,train,pneumonia,Filtered: Abnormal Aspect Ratio (1.97)
data/raw/train/pneumonia/pneumonia-1096.jpg,data/quarantine/flagged/train/pneumonia/pneumonia-1096.jpg,train,pneumonia,Filtered: Abnormal Aspect Ratio (2.02)
data/raw/train/pneumonia/pneumonia-3612.jpg,data/quarantine/flagged/train/pneumonia/pneumonia-3612.jpg,train,pneumonia,Filtered: Abnormal Aspect Ratio (3.02)
data/raw/train/pneumonia/pneumonia-2118.jpg,data/quarantine/flagged/train/pneumonia/pneumonia-2118.jpg,train,pneumonia,Filtered: Abnormal Aspect Ratio (1.97)
data/raw/train/pneumonia/pneumonia-3819.jpg,data/quarantine/flagged/train/pneumonia/pneumonia-3819.jpg,train,pneumonia,Filtered: Abnormal Aspect Ratio (2.18)
data/raw/train/pneumonia/pneumonia-2682.jpg,data/quarantine/flagged/train/pneumonia/pneumonia-2682.jpg,train,pneumonia,Filtered: Abnormal Aspect Ratio (2.47)
data/raw/train/pneumonia/pneumonia-1558.jpg,data/quarantine/flagged/train/pneumonia/pneumonia-1558.jpg,train,pneumonia,Filtered: Abnormal Aspect Ratio (2.29)
data/raw/train/pneumonia/pneumonia-4973.jpg,data/quarantine/flagged/train/pneumonia/pneumonia-4973.jpg,train,pneumonia,Filtered: Abnormal Aspect Ratio (1.96)
data/raw/train/pneumonia/pneumonia-3834.jpg,data/quarantine/flagged/train/pneumonia/pneumonia-3834.jpg,train,pneumonia,Filtered: Abnormal Aspect Ratio (2.04)
data/raw/train/pneumonia/pneumonia-4351.jpg,data/quarantine/flagged/train/pneumonia/pneumonia-4351.jpg,train,pneumonia,Filtered: Abnormal Aspect Ratio (1.97)
data/raw/train/pneumonia/pneumonia-841.jpg,data/quarantine/flagged/train/pneumonia/pneumonia-841.jpg,train,pneumonia,Filtered: Abnormal Aspect Ratio (1.99)
data/raw/train/pneumonia/pneumonia-2679.jpg,data/quarantine/flagged/train/pneumonia/pneumonia-2679.jpg,train,pneumonia,Filtered: Abnormal Aspect Ratio (2.00)
data/raw/train/pneumonia/pneumonia-3411.jpg,data/quarantine/flagged/train/pneumonia/pneumonia-3411.jpg,train,pneumonia,Filtered: Abnormal Aspect Ratio (2.14)
data/raw/train/pneumonia/pneumonia-5143.jpg,data/quarantine/flagged/train/pneumonia/pneumonia-5143.jpg,train,pneumonia,Filtered: Abnormal Aspect Ratio (3.27)
data/raw/train/pneumonia/pneumonia-1485.jpg,data/quarantine/flagged/train/pneumonia/pneumonia-1485.jpg,train,pneumonia,Filtered: Abnormal Aspect Ratio (2.93)
data/raw/train/pneumonia/pneumonia-766.jpg,data/quarantine/flagged/train/pneumonia/pneumonia-766.jpg,train,pneumonia,Filtered: Abnormal Aspect Ratio (2.49)
data/raw/train/pneumonia/pneumonia-3887.jpg,data/quarantine/flagged/train/pneumonia/pneumonia-3887.jpg,train,pneumonia,Filtered: Abnormal Aspect Ratio (2.18)
data/raw/train/pneumonia/pneumonia-4002.jpg,data/quarantine/flagged/train/pneumonia/pneumonia-4002.jpg,train,pneumonia,Filtered: Abnormal Aspect Ratio (1.97)
data/raw/train/pneumonia/pneumonia-4549.jpg,data/quarantine/flagged/train/pneumonia/pneumonia-4549.jpg,train,pneumonia,Filtered: Abnormal Aspect Ratio (2.59)
data/raw/train/pneumonia/pneumonia-4562.jpg,data/quarantine/flagged/train/pneumonia/pneumonia-4562.jpg,train,pneumonia,Filtered: Abnormal Aspect Ratio (2.15)
data/raw/train/pneumonia/pneumonia-3419.jpg,data/quarantine/flagged/train/pneumonia/pneumonia-3419.jpg,train,pneumonia,Filtered: Abnormal Aspect Ratio (1.96)
data/raw/train/pneumonia/pneumonia-3722.jpg,data/quarantine/flagged/train/pneumonia/pneumonia-3722.jpg,train,pneumonia,Filtered: Abnormal Aspect Ratio (2.10)
data/raw/train/pneumonia/pneumonia-2378.jpg,data/quarantine/flagged/train/pneumonia/pneumonia-2378.jpg,train,pneumonia,Filtered: Abnormal Aspect Ratio (1.97)
data/raw/train/pneumonia/pneumonia-2147.jpg,data/quarantine/flagged/train/pneumonia/pneumonia-2147.jpg,train,pneumonia,Filtered: Abnormal Aspect Ratio (1.95)
data/raw/train/pneumonia/pneumonia-4888.jpg,data/quarantine/flagged/train/pneumonia/pneumonia-4888.jpg,train,pneumonia,Filtered: Abnormal Aspect Ratio (2.00)
data/raw/train/pneumonia/pneumonia-3437.jpg,data/quarantine/flagged/train/pneumonia/pneumonia-3437.jpg,train,pneumonia,Filtered: Abnormal Aspect Ratio (2.49)
data/raw/train/pneumonia/pneumonia-3663.jpg,data/quarantine/flagged/train/pneumonia/pneumonia-3663.jpg,train,pneumonia,Filtered: Abnormal Aspect Ratio (2.03)
data/raw/train/pneumonia/pneumonia-1993.jpg,data/quarantine/flagged/train/pneumonia/pneumonia-1993.jpg,train,pneumonia,Filtered: Abnormal Aspect Ratio (2.37)
data/raw/train/pneumonia/pneumonia-2630.jpg,data/quarantine/flagged/train/pneumonia/pneumonia-2630.jpg,train,pneumonia,Filtered: Abnormal Aspect Ratio (2.16)
data/raw/train/pneumonia/pneumonia-3219.jpg,data/quarantine/flagged/train/pneumonia/pneumonia-3219.jpg,train,pneumonia,Filtered: Abnormal Aspect Ratio (2.05)
data/raw/train/pneumonia/pneumonia-3755.jpg,data/quarantine/flagged/train/pneumonia/pneumonia-3755.jpg,train,pneumonia,Filtered: Abnormal Aspect Ratio (2.16)
data/raw/train/pneumonia/pneumonia-4320.jpg,data/quarantine/flagged/train/pneumonia/pneumonia-4320.jpg,train,pneumonia,Filtered: Abnormal Aspect Ratio (1.97)
data/raw/train/pneumonia/pneumonia-4715.jpg,data/quarantine/flagged/train/pneumonia/pneumonia-4715.jpg,train,pneumonia,Filtered: Abnormal Aspect Ratio (2.04)
data/raw/train/pneumonia/pneumonia-3565.jpg,data/quarantine/flagged/train/pneumonia/pneumonia-3565.jpg,train,pneumonia,Filtered: Abnormal Aspect Ratio (1.97)
data/raw/train/pneumonia/pneumonia-674.jpg,data/quarantine/flagged/train/pneumonia/pneumonia-674.jpg,train,pneumonia,Filtered: Abnormal Aspect Ratio (2.15)
data/raw/train/pneumonia/pneumonia-2342.jpg,data/quarantine/flagged/train/pneumonia/pneumonia-2342.jpg,train,pneumonia,Filtered: Abnormal Aspect Ratio (2.15)
data/raw/train/pneumonia/pneumonia-4398.jpg,data/quarantine/flagged/train/pneumonia/pneumonia-4398.jpg,train,pneumonia,Filtered: Abnormal Aspect Ratio (2.22)
data/raw/train/tuberculosis/tuberculosis-7457.jpg,data/quarantine/corrupted/train/tuberculosis/tuberculosis-7457.jpg,train,tuberculosis,Error: Image is blank or near-uniform (std=1.76)
data/raw/train/tuberculosis/tuberculosis-8996.jpg,data/quarantine/flagged/train/tuberculosis/tuberculosis-8996.jpg,train,tuberculosis,Filtered: X-ray area too small (0.15)
data/raw/train/tuberculosis/tuberculosis-5973.jpg,data/quarantine/flagged/train/tuberculosis/tuberculosis-5973.jpg,train,tuberculosis,Filtered: X-ray area too small (0.14)
data/raw/train/tuberculosis/tuberculosis-1874.jpg,data/quarantine/flagged/train/tuberculosis/tuberculosis-1874.jpg,train,tuberculosis,Filtered: Abnormal Aspect Ratio (1.98)
data/raw/train/tuberculosis/tuberculosis-1431.jpg,data/quarantine/flagged/train/tuberculosis/tuberculosis-1431.jpg,train,tuberculosis,Filtered: X-ray area too small (0.12)
data/raw/train/tuberculosis/tuberculosis-2203.jpg,data/quarantine/flagged/train/tuberculosis/tuberculosis-2203.jpg,train,tuberculosis,Filtered: X-ray area too small (0.12)
data/raw/val/pneumonia/pneumonia-5581.jpg,data/quarantine/flagged/val/pneumonia/pneumonia-5581.jpg,val,pneumonia,Filtered: Abnormal Aspect Ratio (2.13)
data/raw/val/pneumonia/pneumonia-5632.jpg,data/quarantine/flagged/val/pneumonia/pneumonia-5632.jpg,val,pneumonia,Filtered: Abnormal Aspect Ratio (2.09)
data/raw/val/pneumonia/pneumonia-5489.jpg,data/quarantine/flagged/val/pneumonia/pneumonia-5489.jpg,val,pneumonia,Filtered: Abnormal Aspect Ratio (2.13)
data/raw/val/pneumonia/pneumonia-5792.jpg,data/quarantine/flagged/val/pneumonia/pneumonia-5792.jpg,val,pneumonia,Filtered: Abnormal Aspect Ratio (2.54)
data/raw/val/pneumonia/pneumonia-5804.jpg,data/quarantine/flagged/val/pneumonia/pneumonia-5804.jpg,val,pneumonia,Filtered: Abnormal Aspect Ratio (2.05)
data/raw/val/pneumonia/pneumonia-5438.jpg,data/quarantine/flagged/val/pneumonia/pneumonia-5438.jpg,val,pneumonia,Filtered: Abnormal Aspect Ratio (1.97)
data/raw/val/pneumonia/pneumonia-5390.jpg,data/quarantine/flagged/val/pneumonia/pneumonia-5390.jpg,val,pneumonia,Filtered: Abnormal Aspect Ratio (2.08)
data/raw/val/pneumonia/pneumonia-5565.jpg,data/quarantine/flagged/val/pneumonia/pneumonia-5565.jpg,val,pneumonia,Filtered: Abnormal Aspect Ratio (2.53)
data/raw/val/pneumonia/pneumonia-5547.jpg,data/quarantine/flagged/val/pneumonia/pneumonia-5547.jpg,val,pneumonia,Filtered: Abnormal Aspect Ratio (2.08)
data/raw/val/pneumonia/pneumonia-5567.jpg,data/quarantine/flagged/val/pneumonia/pneumonia-5567.jpg,val,pneumonia,Filtered: Abnormal Aspect Ratio (2.26)
data/raw/val/pneumonia/pneumonia-5382.jpg,data/quarantine/flagged/val/pneumonia/pneumonia-5382.jpg,val,pneumonia,Filtered: Abnormal Aspect Ratio (1.98)
data/raw/val/pneumonia/pneumonia-5558.jpg,data/quarantine/flagged/val/pneumonia/pneumonia-5558.jpg,val,pneumonia,Filtered: Abnormal Aspect Ratio (1.96)
data/raw/val/pneumonia/pneumonia-5503.jpg,data/quarantine/flagged/val/pneumonia/pneumonia-5503.jpg,val,pneumonia,Filtered: Abnormal Aspect Ratio (2.00)
data/raw/val/pneumonia/pneumonia-5452.jpg,data/quarantine/flagged/val/pneumonia/pneumonia-5452.jpg,val,pneumonia,Filtered: Abnormal Aspect Ratio (1.99)
data/raw/val/pneumonia/pneumonia-5418.jpg,data/quarantine/flagged/val/pneumonia/pneumonia-5418.jpg,val,pneumonia,Filtered: Abnormal Aspect Ratio (2.03)
data/raw/val/tuberculosis/tuberculosis-10592.jpg,data/quarantine/flagged/val/tuberculosis/tuberculosis-10592.jpg,val,tuberculosis,Filtered: Abnormal Aspect Ratio (2.00)
data/raw/val/tuberculosis/tuberculosis-10275.jpg,data/quarantine/flagged/val/tuberculosis/tuberculosis-10275.jpg,val,tuberculosis,Filtered: X-ray area too small (0.13)
data/raw/test/pneumonia/pneumonia-487.jpg,data/quarantine/flagged/test/pneumonia/pneumonia-487.jpg,test,pneumonia,Filtered: Abnormal Aspect Ratio (2.06)
data/raw/test/pneumonia/pneumonia-88.jpg,data/quarantine/flagged/test/pneumonia/pneumonia-88.jpg,test,pneumonia,Filtered: Abnormal Aspect Ratio (1.98)
data/raw/test/pneumonia/pneumonia-428.jpg,data/quarantine/flagged/test/pneumonia/pneumonia-428.jpg,test,pneumonia,Filtered: Abnormal Aspect Ratio (1.96)
data/raw/test/pneumonia/pneumonia-421.jpg,data/quarantine/flagged/test/pneumonia/pneumonia-421.jpg,test,pneumonia,Filtered: Abnormal Aspect Ratio (2.25)
data/raw/test/pneumonia/pneumonia-132.jpg,data/quarantine/flagged/test/pneumonia/pneumonia-132.jpg,test,pneumonia,Filtered: Abnormal Aspect Ratio (2.12)
data/raw/test/pneumonia/pneumonia-159.jpg,data/quarantine/flagged/test/pneumonia/pneumonia-159.jpg,test,pneumonia,Filtered: Abnormal Aspect Ratio (2.61)
data/raw/test/pneumonia/pneumonia-346.jpg,data/quarantine/flagged/test/pneumonia/pneumonia-346.jpg,test,pneumonia,Filtered: Abnormal Aspect Ratio (2.31)
data/raw/test/pneumonia/pneumonia-22.jpg,data/quarantine/flagged/test/pneumonia/pneumonia-22.jpg,test,pneumonia,Filtered: Abnormal Aspect Ratio (2.53)
data/raw/test/pneumonia/pneumonia-316.jpg,data/quarantine/flagged/test/pneumonia/pneumonia-316.jpg,test,pneumonia,Filtered: Abnormal Aspect Ratio (2.56)
data/raw/test/pneumonia/pneumonia-137.jpg,data/quarantine/flagged/test/pneumonia/pneumonia-137.jpg,test,pneumonia,Filtered: Abnormal Aspect Ratio (2.17)
data/raw/test/pneumonia/pneumonia-351.jpg,data/quarantine/flagged/test/pneumonia/pneumonia-351.jpg,test,pneumonia,Filtered: Abnormal Aspect Ratio (2.25)
data/raw/test/pneumonia/pneumonia-92.jpg,data/quarantine/flagged/test/pneumonia/pneumonia-92.jpg,test,pneumonia,Filtered: Abnormal Aspect Ratio (2.07)
data/raw/test/pneumonia/pneumonia-255.jpg,data/quarantine/flagged/test/pneumonia/pneumonia-255.jpg,test,pneumonia,Filtered: Abnormal Aspect Ratio (2.15)
data/raw/test/pneumonia/pneumonia-473.jpg,data/quarantine/flagged/test/pneumonia/pneumonia-473.jpg,test,pneumonia,Filtered: Abnormal Aspect Ratio (1.97)
data/raw/test/pneumonia/pneumonia-427.jpg,data/quarantine/flagged/test/pneumonia/pneumonia-427.jpg,test,pneumonia,Filtered: Abnormal Aspect Ratio (2.02)
data/raw/test/pneumonia/pneumonia-309.jpg,data/quarantine/flagged/test/pneumonia/pneumonia-309.jpg,test,pneumonia,Filtered: Abnormal Aspect Ratio (2.15)
data/raw/test/tuberculosis/tuberculosis-490.jpg,data/quarantine/flagged/test/tuberculosis/tuberculosis-490.jpg,test,tuberculosis,Filtered: X-ray area too small (0.15)
